Date,Category,Description,Amount
2026-01-02,Food,Groceries,1250
2026-01-04,food,Groceries,840
2026-01-06,Transport,Metro,320
2026-01-08,Entertainment,Movie,650
2026-01-10,Food ,Restaurant,780
2026-01-13,Shopping,Clothes,1450
2026-01-16,transport,Fuel,1100
2026-01-19,Bills,Internet,699
2026-01-22,Food,Groceries,920
2026-01-25,Entertainment,Games,499
2026-01-28,Shopping,Accessories,850
2026-02-01,food,Groceries,1380
2026-02-03,Transport ,Metro,360
2026-02-05,Bills,Mobile,499
2026-02-08,Food,Restaurant,920
2026-02-11,shopping,Clothes,1200
2026-02-14,Entertainment,Movie,720
2026-02-17,Transport,Fuel,1250
2026-02-20,Food ,Groceries,760
2026-02-23,Bills ,Electricity,1180
2026-02-26,Shopping,Accessories,640
2026-03-02,Food,Groceries,1120
2026-03-05,transport,Metro,410
2026-03-07,Entertainment ,Movie,550
2026-03-10,food,Restaurant,850
2026-03-13,Shopping,Clothes,1750
2026-03-16,Transport,Fuel,1320
2026-03-19,Bills,Internet,699
2026-03-22,Food,Groceries,980
2026-03-25,Entertainment,Games,799
2026-03-28,Shopping ,Accessories,920
2026-04-01,Food ,Groceries,1290
2026-04-04,Transport,Metro,380
2026-04-06,Bills,Mobile,499
2026-04-09,food,Restaurant,1050
2026-04-12,Shopping,Clothes,2100
2026-04-15,Entertainment,Movie,680
2026-04-18,transport ,Fuel,1180
2026-04-21,Food,Groceries,870
2026-04-24,Bills ,Electricity,1350
2026-04-27,Shopping,Accessories,760
